word,count
金融机构,2
要,36
5,1
一切,1
西方,2
各有,1
大势,1
第二,1
通过,1
对接,4
新生,1
实践,1
聚居地,1
出使,1
畅所欲言,1
：,4
科伦坡,1
动力,2
 ,3
正义,1
经验,1
这条,1
匈牙利,1
传入,1
港口,3
通信,1
干涉,1
失衡,1
如同,1
不公,1
服务平台,1
构建,3
树立,1
打开,1
开放,12
装备,1
纳入,1
务实,2
不结盟,1
古城,1
各位,2
不断,5
家,1
通往,1
中欧,1
体制,1
东南亚,1
基金,3
博弈,1
国之交,1
相亲,2
发展,42
话,1
第四,1
层次,1
关系,1
突出,1
电子商务,1
工程,2
早,1
石头,1
世纪,4
平台,3
蒙古,1
记载,1
衰,1
政党,1
意大利,1
年,13
非洲,1
相互,1
赤字,3
一批,2
康复,1
相隔,1
千年,3
协议,5
可控,1
有序,1
的,117
第一,1
十分,1
欣欣向荣,1
航海,1
迎来,1
第三,1
可,4
战胜,1
基础,2
早日,1
大动脉,1
转变,1
血液,1
一加,1
力量,1
人民币,6
公路,1
+,1
丰硕,2
技术,3
具有,3
顺应时代,1
见成效,1
500,1
中国,37
驱动,1
总,1
金融,9
见证,3
配置,1
安排,1
谚语,1
莱布尼茨,1
老师,1
参与,9
检验,1
同时,1
破坏,1
印度河,1
和平,8
税收,1
架起,1
加强,6
垒成,1
[,3
兼容,1
互联网,2
也,12
3000,1
之旅,1
导向,1
提供,7
30,2
共,5
区域,1
印度,2
更,4
惊涛骇浪,1
光明之路,1
自由化,1
成立,2
安全,1
消除,1
大家,4
艺术节,1
危机,1
目前,1
机遇,1
大力,1
佛教,3
上,3
相知,1
香料,1
兴旺发达,1
时兴,1
大计,1
绘,1
供给,2
机制,4
工业革命,1
增资,1
撒马尔罕,2
社会制度,2
联盟,4
联络,1
创新,13
弥合,1
处在,2
增长,6
普惠,3
保障体系,1
导致,1
个,5
联结,1
能力,1
进口,1
信息化,1
民心,1
引擎,1
表明,2
穿越,2
得到,1
吐鲁番,1
为,19
鎏金,1
旅游,2
人们,1
有力,1
正在,1
仅,1
贸易总额,1
友好合作,1
岗位,1
就业,1
繁荣,2
瓷器,1
第五,1
伙伴关系,2
互为补充,1
开展,5
向,8
重镇,1
这个,1
以,7
相互尊重,2
这是,7
惠及,1
而行,1
国情,1
向往,1
传向,1
一日之功,1
号,1
调解,1
维度,2
软件,1
才,1
就是,3
融通,1
、,182
欧洲,3
中心,5
贵霜,1
签署,4
由,2
蔓延,1
安全观,1
走向,1
交通运输,1
国际文教,1
亚历山大,1
未来,4
粮食,1
公元前,1
初,1
短期,1
强劲,1
音乐教育,1
管理人员,1
妇女,1
计算机,1
本次,2
齐聚,1
卫生,1
聚焦,2
结构调整,1
愿同,2
意见,1
伊本,1
发祥地,1
启动,2
梦想,1
坚船,1
进步,2
曾经,1
联合国安理会,1
思考,1
人,2
清晰,1
依靠,1
圆满成功,1
财经,1
历法,1
140,1
银行,2
经济带,1
文化遗产,1
血脉,1
前,1
推广,1
这些,3
亿美元,6
转移,1
体系,2
研讨会,1
转化,1
相向,1
精神,2
往来,2
不同,2
种族,1
造福,3
经贸合作,2
优化,1
相望,1
各国,13
决议,1
格局,1
亚麻,1
漆器,1
1000,1
物流网,1
综合,1
不知,1
制造,1
贫富差距,1
负责人,1
1300,1
设施,2
正站,1
万亿美元,1
再,1
而,3
群贤毕至,1
三位一体,1
博览会,1
冲突,2
无论,1
美洲,1
“,83
复合型,1
1,5
逐渐,1
20,2
21,2
战马,1
科技,4
书写,2
人文,4
无以至千里,1
欧亚,1
模式,4
跨越,4
到,1
提供援助,1
2018,1
长安,2
标准,1
2014,1
2016,1
于途,1
2013,1
关键,3
各界,1
不断加强,1
摩洛哥,1
共存,3
骨架,1
共同体,1
一道,1
互学,2
顺势,1
尊严,1
这,6
破茧,1
特色,1
规划,4
机制化,1
宗教,1
非,3
西域,1
适应,2
人次,2
大家庭,1
桥梁,1
展开,1
印度尼西亚,2
雅万,1
信众,1
摆在,1
教育,2
建成,5
以及,1
亚洲,3
善意,1
助医,1
中国政府,1
亚欧大陆桥,1
家园,1
有,2
初具规模,1
通商,1
空间,1
国家元首,1
各类,1
虽会,1
手段,1
开创,1
走廊,3
新型,2
民生,1
投入,1
开辟,2
盛世,1
频发,1
通,2
新篇章,1
建立,4
地区,4
有关,6
广泛开展,1
创举,1
投资银行,2
根本性,1
和谐,2
各方,2
多年,2
对话,2
苏尔,1
群体,1
英格兰,1
达,1
沿线,7
换来,1
所有,2
推进,8
环境,4
缅甸,1
六大,1
如今,1
繁华,1
问题,5
汇集,1
海关,1
影视,1
运行,1
文明,13
领域,3
中蒙,1
扩大,1
遗产,2
残疾人,1
时节,1
变革,3
实施,3
多个,7
句,1
大陆,1
民意基础,1
尊敬,1
一点一滴,1
深入,2
今天,4
推倒重来,1
标本兼治,1
东西方,2
好,2
是因为,1
不会,5
东盟,1
致远,1
。,156
联系,1
草原,1
现代,1
协调,2
与,2
多远,1
相互信任,1
魅力,1
贷款,2
廉洁,1
行动计划,2
互利,3
起点,1
资金,4
不仅,1
坚实,1
侧,1
一大,1
而言,1
美好生活,1
在,19
欢迎,1
深化,2
营造,1
君士坦丁堡,1
观念,1
气候变化,1
新理念,1
计算,1
舶,1
不绝,1
女士们,6
琥珀,1
民族,1
沿着,2
互鉴,4
埃及,1
心,3
亚吉,1
数据,2
资本,2
行动,2
坚持,4
夯实,1
投资,7
伏尔泰,1
新闻,1
爱心,1
鸿沟,2
透明,1
15,1
理念,2
17,1
16,1
打造,5
18,1
斡旋,1
营商,1
班列,1
路,10
伙伴,1
波罗,1
包容,5
多边,4
跨,1
名额,1
都,2
第一步,1
超越,3
贫困落后,1
活化石,1
潮流,1
世界,10
少长,1
于,2
我,5
告诉,1
紧急,1
利炮,1
100,5
搞好,1
已经,5
”,83
商量,1
大,11
更是,1
政策,4
筚路蓝缕,1
宝船,1
阿拉伯,2
中间,1
开放型,3
利益,3
形成,3
生态,3
百花,1
伟大,2
使者,1
酒泉,1
政,1
说,3
迈出,2
黑石,1
达成,1
不是,3
并,1
从,5
建设,49
循环,1
缩短,1
行稳,1
人类,3
还,3
一大批,1
],3
讲,1
友好,1
等值,1
百业,1
分享,2
强烈,1
青春,1
瓶颈,1
面前,1
珍藏,1
落实,1
年内,1
优越,1
机构,1
人员,1
联合,3
平衡,3
敦煌,1
进出口银行,1
诗篇,1
常态,1
培训,1
沟通,1
来自,2
成为,1
传统,1
互派,1
改善,1
专项,2
协商,1
彼此,3
国家,22
是,16
恐怖主义,1
着力,5
思想家,1
祝,1
各,2
融资,5
实验室,2
一带,54
牛奶,1
养蚕,1
国内,1
一个,5
地方,3
本身,1
纷呈,1
天上,1
段,2
提升,2
其他,1
公共,1
丝绸之路,25
区,1
巴比伦,1
多样化,1
肆虐,1
11,1
强大,1
政治,1
后续,1
儒家文化,1
著名,2
不断扩大,1
同,23
多极化,1
古国,1
底格里斯河,1
共商,1
健康,1
有待,1
制定,1
资源,3
分别,1
全球化,2
亿元,6
铁器,1
发展中国家,2
亚欧,2
网络,8
只要,1
总体规划,1
共赢,1
当前,1
智力,1
落后,1
扎扎实实,1
搭建,1
最好,1
多边贸易,1
古港,1
需要,3
伟业,1
汉唐,1
集聚,1
现实,2
二,1
倡议,4
一块块,1
议会,1
5000,1
求同存异,1
累计,1
植根于,1
自由贸易,1
万里,1
医药,1
宝贵,1
宁波,1
水平,1
日益,1
朋友,7
沙漠,1
古语,1
项目,12
石榴,1
硬件,1
3,2
创造,3
输出,1
保障,1
杜环,1
新机遇,1
网上,1
向前,2
出发,1
市场,3
兴,1
城市,2
留下,2
发出,1
助困,1
先生,6
包括,4
体育,1
开始,1
产能,3
及,1
完善,2
其中,1
90%,1
道,1
从愿景,1
道路,4
严峻,1
还是,1
新增,1
援助,3
封闭,1
倡导,1
一代,3
南南合作,1
幸福,2
低碳,2
实现,8
能,1
胸怀,1
丝绸,1
万个,2
泰,1
筑牢,1
高峰论坛,2
奖学金,2
一直,1
流动,2
事业,2
这段,1
把握,1
万事开头难,1
改革,1
名垂青史,1
重大,2
铜蚕,1
优势互补,1
绵亘,1
将,28
一圈,1
之间,1
，,246
信息,1
产业,5
60,1
办学,1
陕西历史博物馆,1
状况,1
孟夏之日,1
不能,1
期待,1
几点,1
巴格达,1
青年,3
广泛,1
目标,1
有利于,1
能源,3
弘扬,1
渠道,1
重复,1
到达,1
本,1
海外基金,1
远方,1
困境,1
工作,1
深度,2
民间,1
开发,4
起源,1
科学家,1
北方,1
调整,1
稳定,2
成蝶,1
·,2
合作,43
应对,1
研究,1
控股公司,1
俄,1
越南,1
流淌,1
比雷埃夫斯,1
部门,1
检疫,1
波兰,1
联动,1
工场,1
全面,1
陆上,6
应该,1
趋势,1
使团,1
丰富,1
沉船,1
广州,2
代名词,1
一条,3
积极支持,1
嘉宾,1
核心,3
七次,1
融合,4
交往,2
之道,1
紧密,1
至,1
设立,4
治理,3
离不开,1
维护,2
抓住,2
国,6
更加,2
差距,1
很多,2
四位一体,1
千古佳话,1
抓好,1
组织,7
秋天,1
畅通,2
不,1
从来,3
们,12
民,2
时间,1
带来,4
自身,1
鼓励,2
远洋,1
中华文明,1
发扬光大,1
用于,1
人类文明,1
重要,4
效果,1
保护,1
走出,1
和平共处,1
及其,1
智库,3
中,3
海上,7
成果,7
就,3
新,9
结合,1
新窗口,1
完成,1
2030,1
集思广益,1
具体,1
贯彻,1
战时,1
俄罗斯,1
交海中,1
关切,1
高铁,1
产品,2
谢谢,1
泉州,1
拉近,1
正式,1
白图,1
桃李不言,1
业态,1
积淀,1
作用,1
四大发明,1
我谈,1
安宁,2
不积跬步,1
农产品,1
老挝,1
献计献策,1
老套路,1
印记,1
古,10
向外看,1
培育,1
便利化,3
推动,13
距离,1
北海,1
领土完整,1
了解,1
在于,2
勇敢,1
受到,1
项,1
量子,1
推崇,1
一,1
成就,1
框架,1
规则,2
自由,2
乘势而上,1
抓,1
确立,1
发挥,1
—,32
相互促进,1
前沿,1
多,4
合理,1
我们,42
并秀,1
主权,1
化解,1
贸易协定,1
公正,1
意义,1
中巴,1
让,3
北京,1
长江流域,1
新一轮,1
国家开发银行,1
4,7
安息,1
生产,3
全球,3
一步一个脚印,1
旅行家,1
基督教,1
重点,1
扬帆远航,1
喀什,1
同步,1
中老,1
凿空,1
但,2
明代,1
中亚国家,1
像,3
卫生领域,1
近,1
尊重,3
先辈,2
政府,3
美好,4
源自,1
等国,1
阵痛,1
国际货币基金组织,1
不论,1
另起炉灶,1
他,2
赢,5
长矛,1
盛况,1
携手,2
驼队,1
56,1
困难,1
50,1
航海家,1
人民,5
反恐,1
高速路,1
对,4
金字塔,1
全人类,1
公道,1
！,7
发现,1
时代,2
画卷,1
之所以,1
提出,9
英国,1
超过,2
和,49
10,2
结伴,1
商品,2
环保,2
联合国大会,1
注入,1
使用,1
科学,1
动荡,2
肤色,1
良港,1
来华,1
基础设施,5
没有,3
友谊,1
相互理解,1
广阔,1
海洋,1
相遇,1
共同,11
民间组织,2
根基,1
践行,1
郑和,1
通关,1
小集团,1
加大,1
恒河,1
等,27
之,11
本届,1
指导,1
助力,1
纳米技术,1
纽带,1
强加于人,1
发展潜力,1
科学技术,1
哈萨克斯坦,3
柬埔寨,1
下自成蹊,1
历史,9
既,1
反腐,1
阿拉木图,1
瓜达尔,1
生活,1
咸集,1
连接成,1
东方,1
相通,2
科研工作,1
多元化,1
结构性,1
内容,1
中东欧,1
经历,1
侧重,1
出,3
步伐,2
土耳其,1
面向,1
幼发拉底河,1
数字,3
原则,1
风险,1
而是,3
政府首脑,1

,52
当然,1
云,1
国度,1
深入开展,1
这种,1
战略,1
传承,1
这里,1
打通,1
社会,5
企业,1
金砖,1
世界银行,2
罗马,1
持续,8
一支,1
预计,1
频繁,1
地,2
由此,1
创业,2
更为重要,1
自由贸易区,1
热点,2
地缘,1
万物,1
着,2
9,1
匈塞,1
愿,1
并肩,1
国际经贸,1
释放,1
却成,1
促进,8
传到,1
一时,1
解决,4
桥,1
留学生,1
易货,1
流域,3
要素,2
年来,1
吉达,1
活力,1
要用,1
期间,2
业务,1
闯荡,1
胡椒,1
能源技术,1
壮丽,1
挑战,4
汉代,1
土壤,1
这样,3
时期,1
规模,2
金融服务,1
互联互通,4
600,1
多层次,2
了,20
看,2
智慧,1
延续,1
积极,3
多次,1
其数,1
隔阂,1
商旅,1
对抗,1
经贸,2
蜂蜜,1
相关,4
；,5
五项原则,1
通道,2
管网,1
科技园区,1
两廊,1
过,1
举办,1
约,1
国际联盟,1
马可,1
从事,1
知识,2
即,1
40,2
交流,8
新动力,1
唐宋元,1
引领,2
钥匙,1
合作项目,3
贸易,6
共享,4
连接,1
天文,1
2500,2
文化,4
高效,1
迈向,1
规律,1
前景,1
又,1
多种形式,1
依托,1
支持,3
绿色,6
开拓,1
陆海空,1
密切,1
下去,1
尼罗河,1
每年,1
分配,1
经济,19
正,2
联通,7
葡萄,1
方式,1
张骞,1
共建,3
一路,54
铁路,6
加速,1
国际,12
人工智能,1
2000,1
伊斯兰教,2
起,1
论坛,2
符合,1
保持,1
丝路,4
比如,1
黄河,1
港,3
